{
  "best_model_name": "Linear SVM",
  "evaluation_metrics": {
    "Logistic Regression": {
      "accuracy": 0.953125,
      "macro_f1": 0.9536566331152777,
      "precision": [
        0.9696969696969697,
        0.9897959183673469,
        0.9105691056910569
      ],
      "recall": [
        0.9795918367346939,
        0.8899082568807339,
        0.9911504424778761
      ],
      "f1_scores": [
        0.9746192893401016,
        0.9371980676328503,
        0.9491525423728814
      ],
      "confusion_matrix": [
        [
          96,
          0,
          2
        ],
        [
          3,
          97,
          9
        ],
        [
          0,
          1,
          112
        ]
      ]
    },
    "Linear SVM": {
      "accuracy": 0.959375,
      "macro_f1": 0.9597242237525272,
      "precision": [
        0.97,
        1.0,
        0.9186991869918699
      ],
      "recall": [
        0.9897959183673469,
        0.8899082568807339,
        1.0
      ],
      "f1_scores": [
        0.9797979797979798,
        0.941747572815534,
        0.9576271186440678
      ],
      "confusion_matrix": [
        [
          97,
          0,
          1
        ],
        [
          3,
          97,
          9
        ],
        [
          0,
          0,
          113
        ]
      ]
    },
    "Naive Bayes": {
      "accuracy": 0.9,
      "macro_f1": 0.9023162884781245,
      "precision": [
        0.9777777777777777,
        0.9887640449438202,
        0.7943262411347518
      ],
      "recall": [
        0.8979591836734694,
        0.8073394495412844,
        0.9911504424778761
      ],
      "f1_scores": [
        0.9361702127659575,
        0.8888888888888888,
        0.8818897637795275
      ],
      "confusion_matrix": [
        [
          88,
          0,
          10
        ],
        [
          2,
          88,
          19
        ],
        [
          0,
          1,
          112
        ]
      ]
    }
  },
  "classes": {
    "0": "Anti-Govt",
    "1": "Neutral",
    "2": "Pro-Govt"
  },
  "trained_date": "2026-07-03T11:49:01.970615",
  "total_records": 1599,
  "dataset_used": "Indian News Political Stance Dataset"
}